name,vertices,orbits,runtime_ms
Cycle_4,4,6,2.515554428100586
Cycle_5,5,8,1.2497901916503906
Cycle_7,7,18,1.7647743225097656
Cycle_10,10,78,4.1980743408203125
Cycle_12,12,224,10.766744613647461
Star_10,10,20,2.3729801177978516
Star_20,20,40,33.90765190124512
Star_25,25,50,50.36783218383789
Star_32,32,64,198.46153259277344
Star_100,100,200,40170.33100128174
